id_bdq,foco_id,lat,lon,data_pas,pais,estado,municipio,bioma
1666218617,fad5577f-02dc-3339-807e-5828b10f4ef4, -15.895720, -38.899570,2024-01-02 17:04:00,Brasil,BAHIA,BELMONTE,Mata Atlântica
1666218597,178ca94b-abf3-30d0-893a-4f2263fcbb11,  -7.491880, -38.883160,2024-01-02 17:06:00,Brasil,CEARÁ,BREJO SANTO,Caatinga
1666218598,06bb202f-af6d-34d1-a2e5-8069c4a17c3a,  -6.505640, -39.441220,2024-01-02 17:06:00,Brasil,CEARÁ,CARIÚS,Caatinga
1666218599,dcc86463-c1e0-3f88-b1a0-d5fb82575af8,  -6.504090, -39.434220,2024-01-02 17:06:00,Brasil,CEARÁ,CARIÚS,Caatinga
1666218600,8f6cb82e-6cdd-3a88-8c4e-64721a7c7dd4,  -5.741660, -39.593520,2024-01-02 17:06:00,Brasil,CEARÁ,MOMBAÇA,Caatinga
1666218601,530ea12e-2431-3d9a-846a-002a0f1c717d,  -4.734470, -42.985360,2024-01-02 17:06:00,Brasil,MARANHÃO,CAXIAS,Cerrado
1666218602,a55e4007-50d1-383a-adf7-34fea1eed34b,  -3.570720, -38.918990,2024-01-02 17:06:00,Brasil,CEARÁ,SÃO GONÇALO DO AMARANTE,Caatinga
1666218603,a6c986c8-9bb4-3cd7-a5cb-7e430ceadd4d,  -3.539340, -39.273890,2024-01-02 17:06:00,Brasil,CEARÁ,SÃO GONÇALO DO AMARANTE,Caatinga
1666218604,34e9ceb9-c642-3946-b0d0-041020e63cca, -25.891960, -48.580460,2024-01-02 17:02:00,Brasil,PARANÁ,GUARATUBA,Mata Atlântica
1666218605,54d69900-ae67-34cd-bf41-7b0bd9d485f4, -25.511230, -48.525110,2024-01-02 17:02:00,Brasil,PARANÁ,PARANAGUÁ,Mata Atlântica
1666218606,f430ee99-c523-301e-a243-1c8605f81291, -21.931340, -47.271460,2024-01-02 17:04:00,Brasil,SÃO PAULO,SANTA CRUZ DAS PALMEIRAS,Mata Atlântica
1666218607,c5e3088c-0bf2-3ab0-ad57-4a4db852c5e2, -20.725760, -47.889450,2024-01-02 17:04:00,Brasil,SÃO PAULO,ORLÂNDIA,Cerrado
1666218608,c47533c8-4ae9-34d9-b837-c2b9c2df2657, -20.546840, -49.431390,2024-01-02 17:04:00,Brasil,SÃO PAULO,NOVA GRANADA,Cerrado
1666218609,b9f76c64-c2af-3682-b2b8-382859f41620, -20.464820, -49.507980,2024-01-02 17:04:00,Brasil,SÃO PAULO,PALESTINA,Cerrado
1666218610,01b562cf-93c9-3080-959a-f54483bc9f63, -20.156700, -48.183940,2024-01-02 17:04:00,Brasil,SÃO PAULO,MIGUELÓPOLIS,Cerrado
1666218611,ef6db57b-bbb1-340b-a8c9-1a6b127f49f4, -19.996150, -52.962580,2024-01-02 17:04:00,Brasil,MATO GROSSO DO SUL,ÁGUA CLARA,Cerrado
1666218612,519d8991-fa1b-3353-97d3-0e29a8ec5b9d, -19.585890, -51.045030,2024-01-02 17:04:00,Brasil,MATO GROSSO DO SUL,PARANAÍBA,Mata Atlântica
1666218613,bcc55272-e207-36a9-a854-86c3c26d7a94, -19.582450, -51.050170,2024-01-02 17:04:00,Brasil,MATO GROSSO DO SUL,PARANAÍBA,Mata Atlântica
1666218614,13c6fbb9-f451-358c-8cbe-1353c0d469c9, -19.531990, -50.978290,2024-01-02 17:04:00,Brasil,MATO GROSSO DO SUL,PARANAÍBA,Mata Atlântica
1666218615,4b4b52cd-524e-39fb-8178-72d430ec2e43, -15.965960, -39.105890,2024-01-02 17:04:00,Brasil,BAHIA,BELMONTE,Mata Atlântica
1666218616,79f46729-ddb5-3751-9953-3144447a4375, -15.898580, -38.904510,2024-01-02 17:04:00,Brasil,BAHIA,BELMONTE,Mata Atlântica
1666218618,580ff634-e1a2-3712-b1a9-c43488fbf26d, -15.813880, -48.077760,2024-01-02 17:04:00,Brasil,DISTRITO FEDERAL,BRASÍLIA,Cerrado
1666218619,28d72e02-c459-3f15-9be7-bfcdea044f62, -13.598120, -46.226720,2024-01-02 17:04:00,Brasil,GOIÁS,SÃO DOMINGOS,Cerrado
1666218620,192ff676-8d57-3f37-af9f-b15ba63f2f3a, -13.507450, -45.912430,2024-01-02 17:04:00,Brasil,BAHIA,CORRENTINA,Cerrado
1666218621,e3319af6-a71d-3acd-8045-7845c8d61c90, -13.478860, -50.078820,2024-01-02 17:04:00,Brasil,GOIÁS,SÃO MIGUEL DO ARAGUAIA,Cerrado
1666218622,79a47e32-ffb6-3ccf-ab64-0be9dace1ae0, -13.053750, -46.763070,2024-01-02 17:04:00,Brasil,GOIÁS,CAMPOS BELOS,Cerrado
1666218623,ff1b166d-4822-3b71-9516-1d29965b18d5, -11.192720, -44.655050,2024-01-02 17:06:00,Brasil,BAHIA,SANTA RITA DE CÁSSIA,Cerrado
1666218624,837b611a-1d61-3977-9c1d-55f977d89489,   1.350550, -50.462920,2024-01-02 17:09:00,Brasil,AMAPÁ,AMAPÁ,Amazônia
1666218625,d7ee0f6c-4047-3fc4-b1dc-dba441ad2b7d, -12.586830, -46.888490,2024-01-02 17:04:00,Brasil,TOCANTINS,ARRAIAS,Cerrado
1666218626,4cc0fd59-a91a-3fae-bb38-520bf965ffb2, -12.585410, -46.878270,2024-01-02 17:04:00,Brasil,TOCANTINS,ARRAIAS,Cerrado
1666218627,02f287db-91e7-35f8-8ae7-b84d78acbf95,  -1.962250, -47.602200,2024-01-02 17:09:00,Brasil,PARÁ,SÃO DOMINGOS DO CAPIM,Amazônia
1666218628,b8d9a959-a06b-3ea8-ad16-daf54db8d86d, -12.559770, -51.956500,2024-01-02 17:06:00,Brasil,MATO GROSSO,RIBEIRÃO CASCALHEIRA,Amazônia
1666218629,adef1e35-e46d-3ffe-8786-54792b7643d1,  -1.960960, -47.593270,2024-01-02 17:09:00,Brasil,PARÁ,MÃE DO RIO,Amazônia
1666223013,57ca1310-e79a-304a-8955-75584395563d,  -9.022430, -65.695240,2024-01-02 18:45:00,Brasil,AMAZONAS,LÁBREA,Amazônia
1666436463,9fd63586-d8fa-303f-9965-5aa9519b8621,  -9.390260, -40.600920,2024-01-04 16:52:00,Brasil,PERNAMBUCO,PETROLINA,Caatinga
1666436464,db7f8f6f-6520-3693-b719-9fab3bd99fed,  -8.820530, -44.007330,2024-01-04 16:52:00,Brasil,PIAUÍ,CRISTINO CASTRO,Cerrado
1666436465,9d6df028-3c23-3fee-a804-b369376a56da,  -8.810970, -44.008590,2024-01-04 16:52:00,Brasil,PIAUÍ,CRISTINO CASTRO,Cerrado
1666436466,9d86d834-f6c5-3462-a115-bf5a81d247d2,  -8.097460, -42.032840,2024-01-04 16:52:00,Brasil,PIAUÍ,NOVA SANTA RITA,Caatinga
1666436467,aea4e8d6-bea8-3be7-8f6c-11ebab9e2161,  -7.599100, -38.236760,2024-01-04 16:52:00,Brasil,PARAÍBA,SANTANA DE MANGUEIRA,Caatinga
1666436468,ba31bba7-381d-38d8-9560-287b1fa19789,  -7.461780, -40.778830,2024-01-04 16:52:00,Brasil,PIAUÍ,MARCOLÂNDIA,Caatinga
1666436469,b0759d41-2ab5-3140-8b6d-f13fc7f053fb,  -7.332510, -39.789120,2024-01-04 16:52:00,Brasil,PERNAMBUCO,EXU,Caatinga
1666436470,8385e057-db0d-3272-9a6c-8dc5930b1719,  -7.331400, -42.795150,2024-01-04 16:52:00,Brasil,PIAUÍ,SÃO JOSÉ DO PEIXE,Caatinga
1666436550,64e0eeb9-307c-38e5-8f39-2055ad13ae4e, -10.519910, -36.729270,2024-01-04 16:49:00,Brasil,SERGIPE,PACATUBA,Mata Atlântica
1666436471,82a02b23-8e2e-3c38-9326-afc94ef49fd3,  -7.330990, -39.779070,2024-01-04 16:52:00,Brasil,PERNAMBUCO,EXU,Caatinga
1666436472,2f745ade-1a24-3b80-a47d-c4ad0e2aacbb,  -7.272790, -40.126880,2024-01-04 16:52:00,Brasil,CEARÁ,ARARIPE,Caatinga
1666436473,42292a12-9468-39e4-97c4-e9f0d333704d,  -7.167730, -40.468740,2024-01-04 16:52:00,Brasil,CEARÁ,SALITRE,Caatinga
1666436474,841de4c2-afcc-3ae3-a218-d0903bf1f0b8,  -7.151960, -39.135090,2024-01-04 16:52:00,Brasil,CEARÁ,MISSÃO VELHA,Caatinga
1666436475,6236162f-f309-3cdb-a01c-b0f5b2a5d18a,  -7.129570, -38.659720,2024-01-04 16:52:00,Brasil,PARAÍBA,SÃO JOSÉ DE PIRANHAS,Caatinga
1666436476,d010bee8-f0a7-3b04-9da8-851707768112,  -7.022690, -39.301880,2024-01-04 16:52:00,Brasil,CEARÁ,CARIRIAÇU,Caatinga
1666436477,eaf52332-3144-39fe-98f0-add840c7e113,  -7.021070, -39.291070,2024-01-04 16:52:00,Brasil,CEARÁ,CARIRIAÇU,Caatinga
1666436478,cd87b1e5-d9a8-3592-b0ee-412010ddfc90,  -6.866820, -39.817300,2024-01-04 16:52:00,Brasil,CEARÁ,ASSARÉ,Caatinga
1666436479,67561bd5-f558-3d53-9deb-0eb8794f8b3b,  -6.799640, -39.987740,2024-01-04 16:52:00,Brasil,CEARÁ,ANTONINA DO NORTE,Caatinga
1666436480,2805abe4-04f8-3d2c-9af6-2da7ce2fb8f5,  -6.762930, -39.808540,2024-01-04 16:52:00,Brasil,CEARÁ,TARRAFAS,Caatinga
1666436481,7797b1e4-e03f-3ad6-949a-ed8dc7e4a8ad,  -6.682220, -40.988560,2024-01-04 16:52:00,Brasil,PIAUÍ,PIO IX,Caatinga
1666436482,c59f47c3-e3e0-3941-9a3c-7a91d60462b9,  -6.558230, -39.281430,2024-01-04 16:52:00,Brasil,CEARÁ,CEDRO,Caatinga
1666436483,a8c7f2c9-7fdd-3ffe-b3da-600a332b43c9,  -6.472790, -39.520160,2024-01-04 16:52:00,Brasil,CEARÁ,JUCÁS,Caatinga
1666436484,4becc440-c292-3ccf-a3d5-282360ae0bc4,  -6.471340, -39.176570,2024-01-04 16:52:00,Brasil,CEARÁ,CEDRO,Caatinga
1666436485,21b718cf-d7b9-393e-a161-fd84f3b706ce,  -6.442210, -39.513930,2024-01-04 16:52:00,Brasil,CEARÁ,JUCÁS,Caatinga
1666436486,fee67a46-103f-338d-843f-f9d919cedd7b,  -6.440580, -39.503230,2024-01-04 16:52:00,Brasil,CEARÁ,JUCÁS,Caatinga
1666436487,b4b572db-3d98-30e8-a893-18512b4fcadd,  -6.319480, -37.607910,2024-01-04 16:52:00,Brasil,PARAÍBA,CATOLÉ DO ROCHA,Caatinga
1666436488,51ea9bf4-6049-34ad-8e9f-50785bc71ee0,  -6.317220, -37.593720,2024-01-04 16:52:00,Brasil,PARAÍBA,BREJO DO CRUZ,Caatinga
1666436489,8dd41d64-7d07-38d5-8037-ee64c1ba019f,  -6.316030, -37.600760,2024-01-04 16:52:00,Brasil,PARAÍBA,BREJO DO CRUZ,Caatinga
1666436490,d43a8fa8-8c4d-34db-827e-76fd218a6f73,  -6.310090, -39.058980,2024-01-04 16:52:00,Brasil,CEARÁ,ORÓS,Caatinga
1666436491,679a8b33-29fe-30ed-ba78-82b0858d2b05,  -5.913450, -43.248290,2024-01-04 16:52:00,Brasil,MARANHÃO,SÃO FRANCISCO DO MARANHÃO,Caatinga
1666436492,6eed1e78-da4c-3030-9f82-d4771ba024cf,  -5.866650, -38.354510,2024-01-04 16:52:00,Brasil,CEARÁ,IRACEMA,Caatinga
1666436493,6b30b20d-dcb4-32e9-aae7-4112e7844844,  -5.839350, -43.377900,2024-01-04 16:52:00,Brasil,MARANHÃO,PARNARAMA,Cerrado
1666436494,cac05d39-303b-3a46-aa60-469679c13ee8,  -5.755740, -39.786230,2024-01-04 16:52:00,Brasil,CEARÁ,MOMBAÇA,Caatinga
1666436495,2461a3e9-20f8-3344-a18a-ce491d0e4ed1,  -5.671680, -43.689170,2024-01-04 16:52:00,Brasil,MARANHÃO,BURITI BRAVO,Cerrado
1736464158,c28e433d-1375-309e-bd0b-99d968266986,  -6.756780, -38.886060,2024-12-12 16:47:00,Brasil,CEARÁ,LAVRAS DA MANGABEIRA,Caatinga
1736464159,33323142-c0e5-3c40-b769-1d24d382e1c4,  -5.309260, -42.999890,2024-12-12 16:47:00,Brasil,MARANHÃO,TIMON,Caatinga
1736464160,a09497b1-d016-32be-8a5e-d72dd31bd33e,  -8.656880, -37.166340,2024-12-12 16:47:00,Brasil,PERNAMBUCO,BUÍQUE,Caatinga
1736464161,6cfa9b27-385d-37b6-ab8d-00cd95e3919a,  -3.060230, -41.366950,2024-12-12 16:47:00,Brasil,PIAUÍ,LUÍS CORREIA,Caatinga
1736464163,30cffed1-7594-3e3e-b065-b9daca6be908,  -5.006240, -39.843170,2024-12-12 16:47:00,Brasil,CEARÁ,BOA VIAGEM,Caatinga
1736464164,f049b498-c155-377b-818c-e61938acce89,  -3.964790, -38.769260,2024-12-12 16:47:00,Brasil,CEARÁ,MARANGUAPE,Caatinga
1736464165,1fe1d71d-65ee-35b7-8979-fef9fc6f3f8d,  -3.366860, -39.622330,2024-12-12 16:47:00,Brasil,CEARÁ,ITAPIPOCA,Caatinga
1736464166,f983f1f3-c163-31b5-ac73-293a37886743,  -3.574910, -44.675350,2024-12-12 16:47:00,Brasil,MARANHÃO,ARARI,Amazônia
1736464167,4b3269e0-0c89-3d19-902e-3874b3673abc,  -5.937990, -38.405740,2024-12-12 16:47:00,Brasil,CEARÁ,ERERÊ,Caatinga
1736464168,6a00312c-129c-38d6-b92a-15959c7a3c74,  -3.154830, -39.754680,2024-12-12 16:47:00,Brasil,CEARÁ,AMONTADA,Caatinga
1736464169,8d69f6c7-a686-3eab-9dfe-b6c53d8bdc22,  -2.971700, -41.583370,2024-12-12 16:47:00,Brasil,PIAUÍ,LUÍS CORREIA,Cerrado
1736464170,6ab423de-3825-38eb-846d-f6f0e9a0881b,  -5.242490, -39.731580,2024-12-12 16:47:00,Brasil,CEARÁ,BOA VIAGEM,Caatinga
1736464171,539ec07e-a558-33e4-8af9-6316f00fcca3,  -4.358320, -38.941500,2024-12-12 16:47:00,Brasil,CEARÁ,CAPISTRANO,Caatinga
1736464172,d2811afe-23b9-358a-bcb4-cde6a8c5c24b,  -3.966780, -39.417050,2024-12-12 16:47:00,Brasil,CEARÁ,APUIARÉS,Caatinga
1736464173,ed97d3a6-f9e0-3742-9c40-a400c595f613,  -4.260610, -38.853570,2024-12-12 16:47:00,Brasil,CEARÁ,BATURITÉ,Caatinga
1736464174,380dc190-4d02-33cf-88b1-c679d5a62262,  -6.095700, -40.188640,2024-12-12 16:47:00,Brasil,CEARÁ,TAUÁ,Caatinga
1736464175,ffa82683-dbb4-3e6c-bbcd-693384eff8c8,  -3.663360, -40.820010,2024-12-12 16:47:00,Brasil,CEARÁ,FRECHEIRINHA,Caatinga
1736464176,92250132-ecd5-369d-8848-fc114bbb1b5b,  -7.529330, -37.590660,2024-12-12 16:47:00,Brasil,PERNAMBUCO,TABIRA,Caatinga
1736464177,d146e0f0-63a8-341e-9df3-4c455baaf5b9,  -5.941100, -38.299800,2024-12-12 16:47:00,Brasil,CEARÁ,ERERÊ,Caatinga
1736464179,2aec6ad5-1799-39cc-8f98-cf377b5ee9c0,  -4.734850, -39.462460,2024-12-12 16:47:00,Brasil,CEARÁ,MADALENA,Caatinga
1736464180,bf036391-f847-3fb4-a55e-d99a44a09a73,  -6.921370, -38.069610,2024-12-12 16:47:00,Brasil,PARAÍBA,SÃO JOSÉ DA LAGOA TAPADA,Caatinga
1736464181,6b8f46cc-3352-37fd-a94b-27529faa1324,  -4.217980, -41.989480,2024-12-12 16:47:00,Brasil,PIAUÍ,BATALHA,Caatinga
1736464182,e4315ca9-687b-344c-aa93-9a651fe329b8,  -3.030840, -40.413990,2024-12-12 16:47:00,Brasil,CEARÁ,BELA CRUZ,Caatinga
1736464183,11bc004a-5233-3a05-bf11-9d78e0918619,  -2.967140, -41.824170,2024-12-12 16:47:00,Brasil,MARANHÃO,ARAIOSES,Cerrado
1736464184,4594e562-974f-3067-b2f3-4cac92d294f8,  -3.759400, -40.853800,2024-12-12 16:47:00,Brasil,CEARÁ,FRECHEIRINHA,Caatinga
1736464185,73897fdb-c09b-3604-a94f-b0d03c959694,  -6.046270, -39.564020,2024-12-12 16:47:00,Brasil,CEARÁ,ACOPIARA,Caatinga
1736464186,db1e65cc-75ab-312a-98b0-bc9f3b6dc910,  -6.944770, -38.317880,2024-12-12 16:47:00,Brasil,PARAÍBA,NAZAREZINHO,Caatinga
1736464187,92b0cf37-e79b-30de-bc8e-d75f5b387157,  -6.707410, -38.870110,2024-12-12 16:47:00,Brasil,CEARÁ,LAVRAS DA MANGABEIRA,Caatinga
1736464188,4993e7a2-39f2-3238-957b-ee356edf3989,  -6.845070, -39.606840,2024-12-12 16:47:00,Brasil,CEARÁ,FARIAS BRITO,Caatinga
1736464189,df1908cc-a697-3f57-bd01-543adbe7af48,  -5.894280, -39.878660,2024-12-12 16:47:00,Brasil,CEARÁ,TAUÁ,Caatinga
1736464190,665e21f2-29fc-3f52-8248-6551e05ae13f,  -6.966520, -43.012980,2024-12-12 16:47:00,Brasil,PIAUÍ,FLORIANO,Caatinga
1736464191,6fa3dde3-edd6-3708-bb86-166f65232766,  -3.951120, -42.513820,2024-12-12 16:47:00,Brasil,PIAUÍ,CAMPO LARGO DO PIAUÍ,Caatinga
1736464192,a6251891-f265-39c2-b823-ed2b61d580fa,  -6.095940, -38.296290,2024-12-12 16:47:00,Brasil,RIO GRANDE DO NORTE,ENCANTO,Caatinga
1736464193,5d7eab28-3793-3fbb-8f7a-d6239c5a526a,  -6.035330, -41.401210,2024-12-12 16:47:00,Brasil,PIAUÍ,SÃO MIGUEL DO TAPUIO,Caatinga
1736464194,bb8635bb-f95e-301b-8a37-beda88d3ba97, -10.973940, -38.347340,2024-12-12 16:45:00,Brasil,BAHIA,RIBEIRA DO AMPARO,Caatinga
1736464195,75eed90f-f85b-34dd-aec4-af4b6c89b0cd,  -4.574760, -39.213220,2024-12-12 16:47:00,Brasil,CEARÁ,CANINDÉ,Caatinga
1736464196,078a3d43-6784-3219-865c-f8e3200f47ed,  -6.248660, -38.604100,2024-12-12 16:47:00,Brasil,CEARÁ,ICÓ,Caatinga
1736464197,43ef0550-e379-38f1-b499-576f800e101d,  -9.028250, -35.416760,2024-12-12 16:47:00,Brasil,ALAGOAS,PORTO CALVO,Mata Atlântica
1736464199,376301b1-bd5c-303e-b176-9ae9a54fff80,  -8.041180, -37.447800,2024-12-12 16:47:00,Brasil,PERNAMBUCO,SERTÂNIA,Caatinga
1736464200,ff8fa9f5-3c18-395e-ad03-f5d62ef04d48,  -6.902470, -38.687180,2024-12-12 16:47:00,Brasil,PARAÍBA,CACHOEIRA DOS ÍNDIOS,Caatinga
1736464202,044b9ac9-47b6-3aed-b071-b04cdfe04293, -10.982510, -37.810070,2024-12-12 16:45:00,Brasil,SERGIPE,LAGARTO,Caatinga
1736464203,61549400-2d54-381a-8699-7cd3a61bf978,  -5.991130, -38.067340,2024-12-12 16:47:00,Brasil,RIO GRANDE DO NORTE,TABOLEIRO GRANDE,Caatinga
1736464204,d3a097e4-c77e-34ad-b2da-f128ee39250a,  -4.006450, -39.671680,2024-12-12 16:47:00,Brasil,CEARÁ,TEJUÇUOCA,Caatinga
1736464205,dcd20474-727b-3588-ab80-e5048e7efe5b, -10.974470, -38.340530,2024-12-12 16:45:00,Brasil,BAHIA,RIBEIRA DO AMPARO,Caatinga
1736464206,534ffd94-cc13-326a-a28e-346a941eec03,  -2.586720, -43.762210,2024-12-12 16:49:00,Brasil,MARANHÃO,ICATU,Amazônia
1736464207,b7ce87f0-bdc7-3caf-a1a4-725f4759eb60,  -7.419420, -41.386840,2024-12-12 16:47:00,Brasil,PIAUÍ,ITAINÓPOLIS,Caatinga
1736464208,32523a26-1e28-39c3-a2b8-93d3201c5de3,  -3.745060, -40.184900,2024-12-12 16:47:00,Brasil,CEARÁ,FORQUILHA,Caatinga
1736464209,88f1ad7a-71fd-3701-8061-ace8efb86e87,  -4.229190, -40.582920,2024-12-12 16:47:00,Brasil,CEARÁ,PIRES FERREIRA,Caatinga
1736464210,8f112df0-27c4-39b0-99a3-469286120dfb,  -7.752260, -37.945580,2024-12-12 16:47:00,Brasil,PERNAMBUCO,QUIXABA,Caatinga
1736464211,01fdcd85-2ab0-31d2-881b-325cf41a92c3,  -3.239700, -39.708770,2024-12-12 16:47:00,Brasil,CEARÁ,AMONTADA,Caatinga
1736464212,b959a8a0-7019-3e57-86c8-c89f0f78402f,  -6.207490, -38.380370,2024-12-12 16:47:00,Brasil,RIO GRANDE DO NORTE,CORONEL JOÃO PESSOA,Caatinga
1736464213,144a9603-0ee1-38ce-affc-cd405a7f83cf,  -4.121590, -38.594570,2024-12-12 16:47:00,Brasil,CEARÁ,GUAIÚBA,Caatinga
1736464214,8842b957-1d61-3fd9-827d-570a51394190,  -4.507510, -44.172060,2024-12-12 16:47:00,Brasil,MARANHÃO,PERITORÓ,Cerrado
1736464215,4cb03402-2cf8-3eb9-ab0b-0523e82cc201,  -7.473750, -37.482030,2024-12-12 16:47:00,Brasil,PERNAMBUCO,TABIRA,Caatinga
1736464216,4b678ba1-de28-3964-b21d-e8a4f09505a5,  -1.897960, -44.652250,2024-12-12 16:49:00,Brasil,MARANHÃO,PORTO RICO DO MARANHÃO,Amazônia
1736464217,5fa4870c-d0e6-3946-b7c0-9753285a0330,  -6.291780, -40.377090,2024-12-12 16:47:00,Brasil,CEARÁ,ARNEIROZ,Caatinga
1736464218,8ce76418-9985-3c5a-a419-932a52f8c12a,  -2.891380, -43.545800,2024-12-12 16:49:00,Brasil,MARANHÃO,HUMBERTO DE CAMPOS,Cerrado
1736464219,976cde94-167d-36a6-9297-1e1d5cbf86a0,  -6.016270, -37.169730,2024-12-12 16:47:00,Brasil,RIO GRANDE DO NORTE,AUGUSTO SEVERO,Caatinga
1736464220,2243ef3b-f160-3505-83a6-1408954f37fd,  -4.628170, -38.334900,2024-12-12 16:47:00,Brasil,CEARÁ,MORADA NOVA,Caatinga
1736464221,a9229e16-6353-31dd-80c0-e7cb89f92a88,  -4.244050, -39.497800,2024-12-12 16:47:00,Brasil,CEARÁ,PARAMOTI,Caatinga
1736464222,4f942c30-acd4-339a-807a-100361db66e1,  -3.944520, -41.877640,2024-12-12 16:47:00,Brasil,PIAUÍ,PIRACURUCA,Caatinga
1736464223,1bdafadf-e109-3144-8b6b-63ed729c53fd,  -3.058000, -40.522300,2024-12-12 16:47:00,Brasil,CEARÁ,GRANJA,Caatinga
1736464224,4e2dcec9-0736-3da7-8b7d-99bb8ab1e51f,  -3.596590, -40.691700,2024-12-12 16:47:00,Brasil,CEARÁ,COREAÚ,Caatinga
1736464225,a659cbbe-8468-313e-8eae-e0a821f6224c,  -8.462290, -36.947490,2024-12-12 16:47:00,Brasil,PERNAMBUCO,PEDRA,Caatinga
1736464226,1116e779-a1fe-34bc-9bd8-60bdb146bed5,  -7.017450, -35.219270,2024-12-12 16:47:00,Brasil,PARAÍBA,SAPÉ,Mata Atlântica
1736464227,69929dbe-3551-36dc-a58b-ac2b7654666e,  -2.342800, -45.659980,2024-12-12 16:49:00,Brasil,MARANHÃO,TURILÂNDIA,Amazônia
1736464229,b53dd322-00c9-34b3-b900-b39f60ef328c,  -5.208850, -40.320790,2024-12-12 16:47:00,Brasil,CEARÁ,INDEPENDÊNCIA,Caatinga
1736464230,72b9c737-8a46-3997-af2c-94f14cd86c80,  -6.824790, -35.351700,2024-12-12 16:47:00,Brasil,PARAÍBA,ARAÇAGI,Caatinga
1736464231,2bf52f92-460b-3374-ab15-89da2c7cbd39,  -3.961170, -38.764260,2024-12-12 16:47:00,Brasil,CEARÁ,MARANGUAPE,Caatinga
1736464232,4bd7bd34-b456-3bd0-8699-d81b716ad928,  -5.300470, -35.650860,2024-12-12 16:47:00,Brasil,RIO GRANDE DO NORTE,TOUROS,Caatinga
1736464233,959efc94-19bb-3d8d-993e-f8abcd2b2832,  -5.782530, -39.997090,2024-12-12 16:47:00,Brasil,CEARÁ,TAUÁ,Caatinga
1736464234,0c3197da-a866-3b75-9db6-034c1f2904ed,  -2.184170, -45.144270,2024-12-12 16:49:00,Brasil,MARANHÃO,SANTA HELENA,Amazônia
1736464235,92640c0d-b78b-3113-ab74-a9d0cb8b6158,  -6.048370, -39.579250,2024-12-12 16:47:00,Brasil,CEARÁ,ACOPIARA,Caatinga
1736464236,42c1a0fa-eb82-3f41-9a5f-4a65d3b71bf1,  -3.674400, -40.093370,2024-12-12 16:47:00,Brasil,CEARÁ,SOBRAL,Caatinga
1736464237,2f3c39c3-f8a8-3e3d-896c-72e1aa64e885,  -7.306650, -44.538960,2024-12-12 16:47:00,Brasil,PIAUÍ,URUÇUÍ,Cerrado
1736464238,c57a85f3-1b24-3253-9ddf-eaf5fee76b74,  -6.480170, -39.220690,2024-12-12 16:47:00,Brasil,CEARÁ,IGUATU,Caatinga
1736464239,3306670f-fa32-3a92-bb92-eb2ca8d8975e,  -4.808180, -39.989860,2024-12-12 16:47:00,Brasil,CEARÁ,MONSENHOR TABOSA,Caatinga
1736464240,4b0f4f44-5750-377b-8581-f05d9be96d40,  -3.515850, -40.732170,2024-12-12 16:47:00,Brasil,CEARÁ,COREAÚ,Caatinga
1736464241,661a9e1a-b26c-3659-95f3-67b8476b3606,  -5.237220, -39.611730,2024-12-12 16:47:00,Brasil,CEARÁ,QUIXERAMOBIM,Caatinga
1736464243,32f7ad96-4d51-3ae0-88e0-6ec48db8a620,  -4.511820, -40.587950,2024-12-12 16:47:00,Brasil,CEARÁ,HIDROLÂNDIA,Caatinga
1736464244,5fb9d7cf-377f-3e96-b62e-a98dbaafee26,  -5.784690, -40.013240,2024-12-12 16:47:00,Brasil,CEARÁ,TAUÁ,Caatinga
1736464245,bbc1440a-97f2-3110-ab7c-ff8725c13e85,  -3.944540, -42.164340,2024-12-12 16:47:00,Brasil,PIAUÍ,BATALHA,Caatinga
1736464246,0d2b28a7-dff6-3de4-81f1-ee454efdc028,  -6.665980, -38.890070,2024-12-12 16:47:00,Brasil,CEARÁ,LAVRAS DA MANGABEIRA,Caatinga
1736464247,dae8ee54-091f-31b0-b8d6-d7f4753f5db9,  -3.744180, -39.378570,2024-12-12 16:47:00,Brasil,CEARÁ,UMIRIM,Caatinga
1736464249,6b8be6aa-d75c-3736-876f-f3838e76d2ff,  -5.295230, -39.611160,2024-12-12 16:47:00,Brasil,CEARÁ,QUIXERAMOBIM,Caatinga
1736464250,c51cd433-6f50-3edc-9f69-983a85b28ed4,  -6.851990, -38.512210,2024-12-12 16:47:00,Brasil,PARAÍBA,CAJAZEIRAS,Caatinga
1736464251,f37b7e34-28e1-328d-85b2-ec7354bff2e8,  -6.648380, -41.294220,2024-12-12 16:47:00,Brasil,PIAUÍ,SÃO JOÃO DA CANABRAVA,Caatinga
1736464252,ab0ebf56-c7bb-3c5e-bb81-691150e7478c,  -4.516230, -38.711800,2024-12-12 16:47:00,Brasil,CEARÁ,ARACOIABA,Caatinga
1736464253,7fe0b10c-7c5e-344d-8e60-c964ceb6404f,  -3.022540, -41.186700,2024-12-12 16:47:00,Brasil,CEARÁ,CHAVAL,Caatinga
1736464254,0cdd4979-f290-3f33-bf27-cdac9b0bfb35,  -7.572200, -40.304240,2024-12-12 16:47:00,Brasil,PERNAMBUCO,ARARIPINA,Caatinga
1736464255,fceac00d-100e-37da-adf7-b6d33e3ac2db,  -3.156830, -39.768520,2024-12-12 16:47:00,Brasil,CEARÁ,AMONTADA,Caatinga
1736464256,048631b3-e851-3b50-98b5-6dca214cc027,  -3.526080, -43.089240,2024-12-12 16:47:00,Brasil,MARANHÃO,ANAPURUS,Cerrado
1736464257,3dc276a1-15bc-39cd-afff-b49e8e9121c4,  -5.382750, -39.667540,2024-12-12 16:47:00,Brasil,CEARÁ,PEDRA BRANCA,Caatinga
1736464258,09c22d72-2c5a-312e-be35-7e7cad74769f,  -5.428510, -37.846020,2024-12-12 16:47:00,Brasil,RIO GRANDE DO NORTE,APODI,Caatinga
1736464259,7ac92901-b227-3fbd-8b5e-e6ecb66c46a2,  -7.673320, -39.974710,2024-12-12 16:47:00,Brasil,PERNAMBUCO,BODOCÓ,Caatinga
1736464260,4ddb306b-113c-3dc2-b9a7-f075e811377f,  -6.927290, -38.629550,2024-12-12 16:47:00,Brasil,PARAÍBA,CAJAZEIRAS,Caatinga
1736464261,a262c7b7-022b-3968-9174-2bf73b044cba,  -6.554210, -39.668130,2024-12-12 16:47:00,Brasil,CEARÁ,JUCÁS,Caatinga
1736464262,e600677c-433f-3bef-9980-508229245c38,  -3.019340, -42.003690,2024-12-12 16:47:00,Brasil,MARANHÃO,ARAIOSES,Cerrado
1736464263,80e4cc4c-4d77-3f96-9f8e-b889916ebeb4,  -6.469370, -38.957710,2024-12-12 16:47:00,Brasil,CEARÁ,ICÓ,Caatinga
1736464264,e8806a71-b916-3d00-b083-8852e7aa290c,  -4.477460, -40.338330,2024-12-12 16:47:00,Brasil,CEARÁ,HIDROLÂNDIA,Caatinga
1736464265,8fd5daa6-4716-373b-9aee-52e5a17cb23c,  -2.907200, -43.107220,2024-12-12 16:49:00,Brasil,MARANHÃO,SANTO AMARO DO MARANHÃO,Cerrado
1736464266,86a4be5e-e8b4-3962-bf16-2d19e3c3f2c9,  -4.384510, -40.163310,2024-12-12 16:47:00,Brasil,CEARÁ,SANTA QUITÉRIA,Caatinga
1736464267,3b6fa5eb-419a-3801-83c8-0f1fc3281d69,  -4.121270, -38.722820,2024-12-12 16:47:00,Brasil,CEARÁ,GUAIÚBA,Caatinga
1736464268,219be327-886a-30e3-b394-6920c2f0d1b1,  -8.101440, -41.603510,2024-12-12 16:47:00,Brasil,PIAUÍ,SÃO FRANCISCO DE ASSIS DO PIAUÍ,Caatinga
1736464269,50d1b441-a7d2-37a5-a64b-d1eb8a1703c2,  -3.013420, -41.322380,2024-12-12 16:47:00,Brasil,PIAUÍ,CAJUEIRO DA PRAIA,Caatinga
1736464270,3afc68ad-69c2-3305-845c-5ec31f2790f4,  -4.269800, -41.872400,2024-12-12 16:47:00,Brasil,PIAUÍ,PIRIPIRI,Caatinga
1736464271,a0a1dc9b-cf71-3f47-8822-0e2926973d8c,  -4.123020, -38.734980,2024-12-12 16:47:00,Brasil,CEARÁ,GUAIÚBA,Caatinga
1736464272,ad4ccc80-5495-3620-8764-c727d86b7b0c,  -4.771470, -40.568630,2024-12-12 16:47:00,Brasil,CEARÁ,NOVA RUSSAS,Caatinga
1736464273,0e06bdff-5528-32e1-90c8-f906ad03f08a,  -4.481960, -40.371010,2024-12-12 16:47:00,Brasil,CEARÁ,HIDROLÂNDIA,Caatinga
1736464275,b8f8ae23-daad-349e-815e-3dfba31d23d0,  -4.516340, -40.751790,2024-12-12 16:47:00,Brasil,CEARÁ,IPUEIRAS,Caatinga
1739313269,30b6b2f5-7b1e-392c-bb05-c19c3696f30b, -12.388420, -40.401680,2024-12-30 17:09:00,Brasil,BAHIA,ITABERABA,Caatinga
1739313270,cd6a5d9d-b07d-3066-aa78-38b5d7d14cb8,  -3.544250, -41.738480,2024-12-30 17:13:00,Brasil,PIAUÍ,CARAÚBAS DO PIAUÍ,Caatinga
1739313271,bb023a4f-c73f-3db5-96b9-a59bd0a0e5af,  -3.993240, -39.571520,2024-12-30 17:11:00,Brasil,CEARÁ,TEJUÇUOCA,Caatinga
1739313272,55c9cd51-730f-3de1-a0ff-c565afdf56e3, -10.305720, -36.739860,2024-12-30 17:11:00,Brasil,SERGIPE,NEÓPOLIS,Mata Atlântica
1739313273,69292b14-d3c2-3d2c-a173-134d3eac9619,  -7.183720, -39.672210,2024-12-30 17:11:00,Brasil,CEARÁ,SANTANA DO CARIRI,Caatinga
1739313275,a9aea382-47be-37bb-af69-8752f38f5aa0,  -4.946450, -45.593500,2024-12-30 17:11:00,Brasil,MARANHÃO,ARAME,Cerrado
1739313276,5a49adf9-31a8-3586-b8c8-ed716ee44379,  -3.445370, -41.876610,2024-12-30 17:13:00,Brasil,PIAUÍ,CAXINGÓ,Caatinga
1739313278,17519806-edc1-3d61-8cf0-4654b6113af3,  -5.835360, -40.872850,2024-12-30 17:11:00,Brasil,CEARÁ,QUITERIANÓPOLIS,Caatinga
1739313279,0acfe461-9005-31f4-9fcc-0befd59b6555,  -1.352010, -45.778040,2024-12-30 17:13:00,Brasil,MARANHÃO,GODOFREDO VIANA,Amazônia
1739313280,b63b30e0-db41-391f-a8f0-6cb6ab760221,  -5.392140, -38.982320,2024-12-30 17:11:00,Brasil,CEARÁ,BANABUIÚ,Caatinga
1739313281,cbd70562-d7f5-32fc-ad63-bebe22ebe935,  -5.096920, -44.136210,2024-12-30 17:11:00,Brasil,MARANHÃO,GONÇALVES DIAS,Cerrado
1739313282,a29785d8-e322-3029-9f13-224722058ae5, -10.981750, -37.791010,2024-12-30 17:11:00,Brasil,SERGIPE,LAGARTO,Caatinga
1739313283,c177aecb-0939-305f-a332-8a87fdd557c3,  -3.201060, -43.259020,2024-12-30 17:13:00,Brasil,MARANHÃO,URBANO SANTOS,Cerrado
1739313284,1c198ec4-a220-3afa-81a6-2260cb3e64dd, -12.956110, -40.045980,2024-12-30 17:09:00,Brasil,BAHIA,IAÇU,Caatinga
1739313285,d1f097a4-34b5-34bd-bdd6-0c6d25b79459,  -6.160530, -35.799000,2024-12-30 17:11:00,Brasil,RIO GRANDE DO NORTE,TANGARÁ,Caatinga
1739313286,fd0cbcea-6022-3f67-96f0-84cf22197c17,  -4.113730, -40.580330,2024-12-30 17:11:00,Brasil,CEARÁ,RERIUTABA,Caatinga
1739313287,4c04cd0b-ccf5-3465-93b2-78928f4514f0,  -4.307120, -43.259430,2024-12-30 17:11:00,Brasil,MARANHÃO,AFONSO CUNHA,Cerrado
1739313289,f9de8cae-c830-3e31-9a33-b59e5c5afacc,  -3.982780, -39.563510,2024-12-30 17:11:00,Brasil,CEARÁ,TEJUÇUOCA,Caatinga
1739313290,4b1ef9cd-58a6-3e65-b38d-535f655da779,  -5.834070, -40.864040,2024-12-30 17:11:00,Brasil,CEARÁ,QUITERIANÓPOLIS,Caatinga
1739313291,6c23448d-c91c-34d7-bca2-96915ec6dda2,  -6.856240, -41.098570,2024-12-30 17:11:00,Brasil,PIAUÍ,FRANCISCO SANTOS,Caatinga
1739313292,7af7883d-e268-310c-8147-0f054fd31892,  -8.220500, -40.390010,2024-12-30 17:11:00,Brasil,PERNAMBUCO,SANTA CRUZ,Caatinga
1739313294,e4f9043f-93c3-31c7-9e03-e1b079d74f80,  -5.626410, -41.014960,2024-12-30 17:11:00,Brasil,PIAUÍ,SÃO MIGUEL DO TAPUIO,Caatinga
1739313295,85f9e161-d364-3fc4-81d3-a912f4cddc48,  -9.207490, -36.865650,2024-12-30 17:11:00,Brasil,PERNAMBUCO,BOM CONSELHO,Caatinga
1739313297,02b35158-8637-3d42-9df9-121d975f1591, -11.405290, -37.778180,2024-12-30 17:09:00,Brasil,SERGIPE,TOMAR DO GERU,Mata Atlântica
1739313298,c8665634-cfb6-358e-8e0e-120cc517be1f,  -4.778490, -40.078830,2024-12-30 17:11:00,Brasil,CEARÁ,MONSENHOR TABOSA,Caatinga
1739313299,6daae751-4c39-3e70-8892-cfb100dc5a6e,  -4.393660, -38.854860,2024-12-30 17:11:00,Brasil,CEARÁ,BATURITÉ,Caatinga
1739313300,0a37cd63-59b6-3bfb-8741-e0b390747262,  -7.282880, -38.551030,2024-12-30 17:11:00,Brasil,CEARÁ,MAURITI,Caatinga
1739313301,9d2ea757-c5c5-3291-bc60-0fd973c39a7e,  -7.347500, -39.669400,2024-12-30 17:11:00,Brasil,CEARÁ,SANTANA DO CARIRI,Caatinga
1739313303,0a164d1f-f985-33af-9858-f95e9892093f,  -7.342970, -40.070030,2024-12-30 17:11:00,Brasil,CEARÁ,ARARIPE,Caatinga
1739313304,3904c3b8-2579-322c-a60b-d084e1df067e,  -4.561780, -39.482200,2024-12-30 17:11:00,Brasil,CEARÁ,ITATIRA,Caatinga
1739313306,48ab0824-28a8-3aeb-a6f3-df5a7241533d, -14.872230, -39.263650,2024-12-30 17:09:00,Brasil,BAHIA,ITABUNA,Mata Atlântica
1739313307,0efc7d01-42b0-3b0d-9595-f1d0a88873a5,  -4.913210, -41.124070,2024-12-30 17:11:00,Brasil,CEARÁ,PORANGA,Caatinga
1739313308,0e06ece6-2caf-3d1f-90d0-760dffb1d793,  -6.849360, -39.599770,2024-12-30 17:11:00,Brasil,CEARÁ,FARIAS BRITO,Caatinga
1739313309,568f029c-1276-3d3e-8c3c-026753f40ce6,  -6.962480, -43.005460,2024-12-30 17:11:00,Brasil,PIAUÍ,FLORIANO,Caatinga
1739313310,75a3cf4a-e5ea-3fad-abb8-cd5fab73920b,  -5.149130, -40.962480,2024-12-30 17:11:00,Brasil,CEARÁ,CRATEÚS,Caatinga
1739313311,d8570b96-ada1-3734-ba17-c3a15c94d5bb,  -1.779240, -45.126610,2024-12-30 17:13:00,Brasil,MARANHÃO,SERRANO DO MARANHÃO,Amazônia
1739313312,b1438c45-2045-3c37-9325-9007a46e4da8,  -4.173090, -45.405110,2024-12-30 17:11:00,Brasil,MARANHÃO,ALTAMIRA DO MARANHÃO,Amazônia
1739313314,18220ff9-fa87-3485-bd91-3f2629b2c0fb,  -6.321670, -38.464950,2024-12-30 17:11:00,Brasil,RIO GRANDE DO NORTE,VENHA-VER,Caatinga
1739313315,e3c9abd6-f027-3873-a9ac-6d4ebbdd02f3,  -7.421810, -37.121990,2024-12-30 17:11:00,Brasil,PERNAMBUCO,ITAPETIM,Caatinga
1739313316,82cdac0f-18e6-33d5-8d8a-9dab190f5a88,  -9.529280, -36.038210,2024-12-30 17:11:00,Brasil,ALAGOAS,ATALAIA,Mata Atlântica
1739313317,75cb69c3-7f93-3529-9f67-6ce258092bdd,  -1.617140, -46.031120,2024-12-30 17:13:00,Brasil,MARANHÃO,CARUTAPERA,Amazônia
1739313318,97a1adcf-0953-34ec-8d61-f3bf3c2b35b6, -14.266040, -42.957740,2024-12-30 17:09:00,Brasil,BAHIA,GUANAMBI,Caatinga
1739313319,4b8f9296-0f24-3b4d-ba4c-2c33ac3c00ab,  -5.692760, -38.411590,2024-12-30 17:11:00,Brasil,CEARÁ,IRACEMA,Caatinga
1739313320,d67bbdc3-c263-32ea-bba4-951fb1303d1c, -12.963740, -40.035440,2024-12-30 17:09:00,Brasil,BAHIA,IAÇU,Caatinga
1739313321,daa17336-591f-31c2-a647-865b80535389,  -6.240630, -43.319900,2024-12-30 17:11:00,Brasil,MARANHÃO,LAGOA DO MATO,Cerrado
1739313322,548a3e2f-7ef7-35ec-9968-96f000928336,  -5.836860, -39.745630,2024-12-30 17:11:00,Brasil,CEARÁ,MOMBAÇA,Caatinga
1739313323,6eb74e1a-3efe-3aa7-8f52-e9797a066b31, -15.479380, -39.915000,2024-12-30 17:09:00,Brasil,BAHIA,ITAPETINGA,Mata Atlântica
1739313324,4be69267-ed15-3e34-b217-339722c1d365,  -2.105710, -46.622750,2024-12-30 17:13:00,Brasil,PARÁ,VISEU,Amazônia
1739313326,eefad306-e07c-3c38-a68d-08bece7f9312,  -6.260600, -47.414300,2024-12-30 17:11:00,Brasil,TOCANTINS,TOCANTINÓPOLIS,Cerrado
1739313327,a44e7a36-fe4c-3557-aac1-b5616fc8a595, -15.521310, -39.168190,2024-12-30 17:09:00,Brasil,BAHIA,CANAVIEIRAS,Mata Atlântica
1739313328,41bf4bfd-740e-3124-90e0-d07c36a76451,  -6.537290, -40.810390,2024-12-30 17:11:00,Brasil,PIAUÍ,PIO IX,Caatinga
1739324401,2544cb90-c593-39a8-91c0-aa8c9acf63ab,  -6.916040, -63.010310,2024-12-30 18:49:00,Brasil,AMAZONAS,HUMAITÁ,Amazônia
1739324415,065fa6cb-796f-3247-ae8f-d220a2305e51,  -9.577730, -66.270420,2024-12-30 18:49:00,Brasil,RONDÔNIA,PORTO VELHO,Amazônia
1739324424,bca04ca2-4988-3c20-bbe6-ea20590b1917, -12.244830, -63.465170,2024-12-30 18:49:00,Brasil,RONDÔNIA,SÃO FRANCISCO DO GUAPORÉ,Amazônia
1739324437,349cc785-a3d2-3821-b639-6df98eb11a54, -12.253690, -63.463790,2024-12-30 18:49:00,Brasil,RONDÔNIA,SÃO FRANCISCO DO GUAPORÉ,Amazônia
1739324568,9829a675-76bc-330b-b49c-a7f0ae77f317,  -9.032560, -63.334600,2024-12-30 18:49:00,Brasil,RONDÔNIA,ITAPUÃ DO OESTE,Amazônia
1739324575,a6173422-4931-3469-99bb-a38803484ebc,   3.548300, -60.399370,2024-12-30 18:53:00,Brasil,RORAIMA,BOA VISTA,Amazônia
1739557782,f24f7eb5-1f23-3920-af47-8ddab987a1b1, -17.256130, -54.930690,2024-12-31 17:49:00,Brasil,MATO GROSSO,ITIQUIRA,Cerrado
1739557785,1cd982a3-77ac-3a64-863c-70cb014372d5, -20.444110, -52.877540,2024-12-31 17:49:00,Brasil,MATO GROSSO DO SUL,ÁGUA CLARA,Cerrado
1739557787,39c926fc-fee0-3e1e-8ede-281b7e8f64ee,  -9.180930, -43.115080,2024-12-31 17:51:00,Brasil,PIAUÍ,JUREMA,Caatinga
1739557792,0ea2722b-c43f-3a42-8c7f-8e53637b7dcf, -20.707150, -49.156730,2024-12-31 17:49:00,Brasil,SÃO PAULO,GUAPIAÇU,Cerrado
1739557804,a846d2b4-a75d-3ad8-9699-4156208cfbe8, -20.897370, -53.391240,2024-12-31 17:49:00,Brasil,MATO GROSSO DO SUL,RIBAS DO RIO PARDO,Cerrado
1739557809,d67c300c-ae3a-393c-9b54-13df4a98b5f2,   -.307580, -51.713910,2024-12-31 17:53:00,Brasil,AMAPÁ,MAZAGÃO,Amazônia
1739557810,c3e41455-95ef-3336-9034-3c38696b2b70,  -1.210530, -52.029010,2024-12-31 17:53:00,Brasil,PARÁ,ALMEIRIM,Amazônia
1739557812,cab7275f-3d95-3622-85b0-cd849fc692bf, -27.770710, -49.313390,2024-12-31 17:47:00,Brasil,SANTA CATARINA,ALFREDO WAGNER,Mata Atlântica
1739557819,503ad946-bcf8-3ad5-b2f7-3a133555a3c7, -18.576700, -54.300040,2024-12-31 17:49:00,Brasil,MATO GROSSO DO SUL,FIGUEIRÃO,Cerrado
1739557824,a127dee0-cf72-3db8-b081-2c5840cd9789,  -8.845790, -49.907710,2024-12-31 17:51:00,Brasil,PARÁ,SANTA MARIA DAS BARREIRAS,Amazônia
1739557829,b3b4464c-6ce6-35d2-ba9b-5466943f30fd, -21.233770, -52.807190,2024-12-31 17:49:00,Brasil,MATO GROSSO DO SUL,SANTA RITA DO PARDO,Cerrado
1739557834,63eb0482-88a3-3523-a7f0-1048ee68c917, -20.299050, -48.862760,2024-12-31 17:49:00,Brasil,SÃO PAULO,COLÔMBIA,Cerrado
1739557840,1b521167-92b4-3dd7-a00e-fe3d4fe60152,  -2.274470, -54.474220,2024-12-31 17:53:00,Brasil,PARÁ,SANTARÉM,Amazônia
1739557866,c8b6c8a3-57ec-3c0d-a166-011507b3311f, -18.020990, -53.061080,2024-12-31 17:49:00,Brasil,GOIÁS,MINEIROS,Cerrado
1739557876,2b863325-e0a5-32b4-95c1-71b19e53accd, -21.158040, -54.765580,2024-12-31 17:49:00,Brasil,MATO GROSSO DO SUL,SIDROLÂNDIA,Cerrado
1739557877,b71b30d6-d67e-3c1f-972c-541814809314,  -1.619800, -49.836510,2024-12-31 17:53:00,Brasil,PARÁ,CURRALINHO,Amazônia
1739557879,f90fd761-e54e-3c98-acaf-bb6d4b54179d, -20.384140, -48.741700,2024-12-31 17:49:00,Brasil,SÃO PAULO,BARRETOS,Cerrado
1739557880,2fa71f83-2492-3b98-9551-076104e7346a, -11.178500, -39.196520,2024-12-31 17:49:00,Brasil,BAHIA,ARACI,Caatinga
1739557881,feab3ee3-3310-3272-ae84-441c2b116266, -20.595010, -53.020700,2024-12-31 17:49:00,Brasil,MATO GROSSO DO SUL,RIBAS DO RIO PARDO,Cerrado
1739557885,57be1028-c943-32c0-8609-9f21ad35c69b, -17.633900, -54.816740,2024-12-31 17:49:00,Brasil,MATO GROSSO DO SUL,SONORA,Cerrado
1739557888,eb3a484e-79d1-3f6b-88d0-74d76925a8fc,  -9.193950, -43.112750,2024-12-31 17:51:00,Brasil,PIAUÍ,JUREMA,Caatinga
1739557892,9a309c14-d390-31f2-a874-882f43686095,  -1.691550, -45.870960,2024-12-31 17:51:00,Brasil,MARANHÃO,AMAPÁ DO MARANHÃO,Amazônia
1739557904,c4b580c8-411f-322b-acb9-7418985a293f, -21.329890, -52.446350,2024-12-31 17:49:00,Brasil,MATO GROSSO DO SUL,BRASILÂNDIA,Cerrado
1739557913,e4bc0c76-9b56-33fb-9b40-dcf186072001,  -1.218080, -52.018900,2024-12-31 17:53:00,Brasil,PARÁ,ALMEIRIM,Amazônia
1739557915,806fd6f9-01dc-3e45-b70c-b94070c2f4b2, -22.266510, -54.977890,2024-12-31 17:47:00,Brasil,MATO GROSSO DO SUL,DOURADOS,Cerrado
1739557918,f0fe9308-85e9-3021-8c1c-96d70c5c5e6e, -16.409380, -49.224640,2024-12-31 17:49:00,Brasil,GOIÁS,NERÓPOLIS,Cerrado
1739557919,ed36d05a-7471-3d93-89bc-82e03aa10a8f, -21.520970, -52.933240,2024-12-31 17:47:00,Brasil,MATO GROSSO DO SUL,SANTA RITA DO PARDO,Cerrado
1739557922,ddcbdd05-06a8-335c-bf6c-58e9f41f1590, -13.325720, -56.547580,2024-12-31 17:49:00,Brasil,MATO GROSSO,NOVA MUTUM,Cerrado
1739557923,9d32aa09-2b23-3eec-b13d-a44e70c20193, -22.413710, -49.405350,2024-12-31 17:47:00,Brasil,SÃO PAULO,DUARTINA,Mata Atlântica
1739557927,3c3158ce-f6e7-3dac-a7de-8ef89561325e,  -3.224480, -48.759270,2024-12-31 17:51:00,Brasil,PARÁ,TAILÂNDIA,Amazônia
1739557930,5beb5466-731e-3d81-9e07-b65f82d04f56,  -9.184490, -43.135810,2024-12-31 17:51:00,Brasil,PIAUÍ,JUREMA,Caatinga
1739557937,66873fd6-ec1a-3b1a-9c81-a57dad09b5e1,  -3.225990, -48.769490,2024-12-31 17:51:00,Brasil,PARÁ,TAILÂNDIA,Amazônia
1739557941,911c5a12-3c47-3e8c-b393-eb4ad88c2c42, -14.704360, -57.589140,2024-12-31 17:49:00,Brasil,MATO GROSSO,TANGARÁ DA SERRA,Amazônia
1739557942,d8abcda8-4e95-3bf1-ad18-45a6d8108a46, -13.365650, -54.426290,2024-12-31 17:49:00,Brasil,MATO GROSSO,PARANATINGA,Amazônia
1739557944,04b3a3f0-ab3f-3e50-a1dd-2b1a727a3766, -11.174380, -39.205560,2024-12-31 17:49:00,Brasil,BAHIA,ARACI,Caatinga
1739557950,61d89e5a-4cde-3a13-92e2-0e8c4e45e3d7, -21.598680, -49.416450,2024-12-31 17:47:00,Brasil,SÃO PAULO,CAFELÂNDIA,Mata Atlântica
1739557956,b5363e40-eaed-3b85-952c-2e84d0a09b62,  -1.694080, -45.888000,2024-12-31 17:51:00,Brasil,MARANHÃO,AMAPÁ DO MARANHÃO,Amazônia
1739557966,e23361e6-62b3-37a8-a9a3-f9cdc414e5d3, -17.723070, -53.497370,2024-12-31 17:49:00,Brasil,MATO GROSSO,ALTO TAQUARI,Cerrado
1739557970,4664ee0f-b406-304a-be76-8bd9e90f0900, -13.155440, -54.398410,2024-12-31 17:49:00,Brasil,MATO GROSSO,PARANATINGA,Amazônia
1739557976,897e3ee6-4bfc-32c6-9f43-083db60aa3ee, -24.183510, -53.024870,2024-12-31 17:47:00,Brasil,PARANÁ,GOIOERÊ,Mata Atlântica
1739557977,549f47b1-71cf-34d1-bc89-38aac1feafc4, -20.577880, -45.901550,2024-12-31 17:47:00,Brasil,MINAS GERAIS,PIMENTA,Cerrado
1739557986,54806726-9247-3241-928c-58ec16253731, -11.951730, -49.497990,2024-12-31 17:49:00,Brasil,TOCANTINS,FORMOSO DO ARAGUAIA,Cerrado
1739557995,ef3386d7-a1c9-3639-84c4-52ee5da09ffa, -28.688420, -55.771510,2024-12-31 17:47:00,Brasil,RIO GRANDE DO SUL,SÃO BORJA,Pampa
1739557997,48f6b640-b5d5-315c-959d-2fd2bfc6db6b, -19.056770, -52.924610,2024-12-31 17:49:00,Brasil,MATO GROSSO DO SUL,PARAÍSO DAS ÁGUAS,Cerrado
1739558001,aa01be25-b7b9-39c6-8b94-32447e9801e8, -15.876430, -53.641220,2024-12-31 17:49:00,Brasil,MATO GROSSO,TESOURO,Cerrado
1739558003,ad93159c-6e3e-3a27-9360-4be3a6928b19,  -9.915850, -52.444070,2024-12-31 17:51:00,Brasil,MATO GROSSO,SANTA CRUZ DO XINGU,Amazônia
1739558013,12c1d363-f377-3dcc-af4f-5db0a956f629, -18.453130, -49.904050,2024-12-31 17:49:00,Brasil,GOIÁS,INACIOLÂNDIA,Cerrado
1739558034,ecf29a28-b960-37dd-b743-78bb248edd8f, -17.777390, -50.392730,2024-12-31 17:49:00,Brasil,GOIÁS,TURVELÂNDIA,Cerrado
1739558043,af2a74f7-3abf-3e08-a339-296b6eabbe11,  -1.815340, -53.979810,2024-12-31 17:53:00,Brasil,PARÁ,MONTE ALEGRE,Amazônia
1739558052,d3eeb59d-44cd-31cd-acc9-2012fc02d58d,  -9.858360, -53.882760,2024-12-31 17:51:00,Brasil,MATO GROSSO,PEIXOTO DE AZEVEDO,Amazônia
1739558058,e9f7a636-8f3b-3683-9186-db0b958f136f,  -1.209240, -52.020200,2024-12-31 17:53:00,Brasil,PARÁ,ALMEIRIM,Amazônia
1739558059,1d393041-083a-3491-b75c-5179b4667e5c, -19.821620, -52.739890,2024-12-31 17:49:00,Brasil,MATO GROSSO DO SUL,ÁGUA CLARA,Cerrado
1739558061,55e20021-49db-37b0-8ed4-b03f9f956774, -20.408240, -51.901400,2024-12-31 17:49:00,Brasil,MATO GROSSO DO SUL,SELVÍRIA,Cerrado
1739558062,65eca041-ab15-3d1e-8317-079818328dd4,  -9.184580, -43.119860,2024-12-31 17:51:00,Brasil,PIAUÍ,JUREMA,Caatinga
1739558066,0aec90b4-d966-331b-838e-8470ad8b6794, -21.769350, -47.263810,2024-12-31 17:47:00,Brasil,SÃO PAULO,SANTA CRUZ DAS PALMEIRAS,Mata Atlântica
1739558067,94c5f6da-dfd0-3eb9-b475-d0997286125a,  -2.369200, -48.524740,2024-12-31 17:51:00,Brasil,PARÁ,ACARÁ,Amazônia
1739558073,e50bda89-3390-34db-a6a1-94f969396e94, -22.588610, -48.528930,2024-12-31 17:47:00,Brasil,SÃO PAULO,SÃO MANUEL,Cerrado
1739558080,957d6d4c-2a5c-3da8-a1ea-387d7d6b2d99, -19.720550, -55.361580,2024-12-31 17:49:00,Brasil,MATO GROSSO DO SUL,AQUIDAUANA,Cerrado
1739558089,8412fa4d-903a-3336-9d1b-ec4e2905bd6a, -20.524500, -50.793710,2024-12-31 17:49:00,Brasil,SÃO PAULO,PALMEIRA D'OESTE,Mata Atlântica
1739558101,af55059d-d59d-3e6f-a898-484a4f49550b, -21.779220, -53.628210,2024-12-31 17:47:00,Brasil,MATO GROSSO DO SUL,NOVA ANDRADINA,Cerrado
1739558105,8b9c6199-2382-3b15-8896-6adc56e6b400, -18.023640, -53.065940,2024-12-31 17:49:00,Brasil,GOIÁS,MINEIROS,Cerrado
1739558119,23c1cbb4-287e-3939-88f9-cb776f9f89f2, -18.550200, -50.570310,2024-12-31 17:49:00,Brasil,GOIÁS,QUIRINÓPOLIS,Mata Atlântica
1739558122,96c7b42a-c123-3846-938d-8175e6eb946c, -20.232300, -49.249490,2024-12-31 17:49:00,Brasil,MINAS GERAIS,FRONTEIRA,Cerrado
1739558125,2d83fd8b-d07f-3c29-b60a-e7e4b2e3f55e, -20.705760, -49.146450,2024-12-31 17:49:00,Brasil,SÃO PAULO,GUAPIAÇU,Cerrado
1739558131,3bbe9385-3e61-39a0-be59-76e77935f5c4,  -9.197510, -43.133640,2024-12-31 17:51:00,Brasil,PIAUÍ,JUREMA,Caatinga
1739558132,1f2f2ca9-1309-39e5-b154-cd2d3bd9582b, -11.950430, -49.488990,2024-12-31 17:49:00,Brasil,TOCANTINS,FORMOSO DO ARAGUAIA,Cerrado
1739558136,40c87323-63a5-38c2-b6a3-04b3f824e188, -18.837640, -50.075740,2024-12-31 17:49:00,Brasil,MINAS GERAIS,SANTA VITÓRIA,Cerrado
1739558141,2ffc5778-9bba-3431-a3c0-aa7a56b52332, -21.917830, -47.155280,2024-12-31 17:47:00,Brasil,SÃO PAULO,CASA BRANCA,Cerrado
1739558142,f390d205-8c83-310c-9639-716504300da7, -23.736680, -52.868790,2024-12-31 17:47:00,Brasil,PARANÁ,TAPEJARA,Mata Atlântica
1739558151,78554cf8-3c9e-3418-a196-12cb63251ab9, -18.796760, -54.888040,2024-12-31 17:49:00,Brasil,MATO GROSSO DO SUL,RIO VERDE DE MATO GROSSO,Cerrado
